report_config,internal_config,theta,n,accuracy,macro_f1,coverage_mean
S7-avg,A7-avg2,0.02,2536,0.4543,0.4510,0.6272
S7-wsd,A7-wsd,0.01,2536,0.4550,0.4441,0.3956
S6-avg,A6-avg2,0.02,2536,0.4519,0.4440,0.6272
S5-avg,A5-avg2,0.03,2536,0.4476,0.4417,0.6272
S2-avg,A2-avg2,0.02,2536,0.4432,0.4324,0.6272
S5-wsd,A5-wsd,0.01,2536,0.4314,0.4277,0.3956
L0,L0,0.00,2536,0.4227,0.4208,0.2360
S4-wsd,A4-wsd,0.01,2536,0.4310,0.4161,0.3956
S4-avg,A4-avg2,0.03,2536,0.4278,0.4159,0.6272
S6-wsd,A6-wsd,0.01,2536,0.4405,0.4065,0.3956
S2-wsd,A2-wsd,0.00,2536,0.4267,0.3981,0.3956
S3-avg,A3-avg2,0.01,2536,0.4152,0.3940,0.6272
S0,S0-wsd,0.00,2536,0.4097,0.3924,0.3956
S3-wsd,A3-wsd,0.01,2536,0.4073,0.3788,0.3956
S1-wsd,A1-wsd,0.14,2536,0.3955,0.3148,0.3956
S1-avg,A1-avg2,0.20,2536,0.3691,0.2825,0.6272
